{
  "todos_13": {
    "original": {
      "n": 13,
      "ids": [
        "v1",
        "v2",
        "v3",
        "v4",
        "v5",
        "v7",
        "v8",
        "v9",
        "v10",
        "v12",
        "v13",
        "v14",
        "v15"
      ],
      "A_mediana": {
        "k_media": 2.5348466410111756,
        "k_sd": 0.6297465115966183,
        "k_cv_pct": 24.843574416218182,
        "k_min": 1.6824395373291274,
        "k_max": 3.9473684210526314,
        "corr_vol_peso": -0.14674498242427927,
        "prop_a": 2.348552434490994,
        "prop_MAE": 35.16092957336175,
        "lin_a": -0.2102873809749144,
        "lin_b": 198.08373791926883,
        "lin_MAE": 15.620745004777985
      },
      "B_p75": {
        "k_media": 2.0933235512427544,
        "k_sd": 0.5605175408847238,
        "k_cv_pct": 26.776440772949716,
        "k_min": 1.2084592145015105,
        "k_max": 3.230769230769231,
        "corr_vol_peso": -0.19474212706569552,
        "prop_a": 1.879194971178825,
        "prop_MAE": 41.615640817240056,
        "lin_a": -0.1869385033447818,
        "lin_b": 199.52580230353928,
        "lin_MAE": 15.549665284280637
      },
      "E_envelope": {
        "k_media": 1.2147996565987118,
        "k_sd": 0.3870633346435549,
        "k_cv_pct": 31.862318411192526,
        "k_min": 0.6343141001146351,
        "k_max": 1.8453427065026362,
        "corr_vol_peso": -0.3978405396046777,
        "prop_a": 1.0199378425622374,
        "prop_MAE": 52.34615384615385,
        "lin_a": -0.16990534900446236,
        "lin_b": 210.09039037435943,
        "lin_MAE": 14.340812107169121
      },
      "solo_altura": {
        "a": 2.407219115404168,
        "b": -48.746881232646246,
        "MAE": 15.728848485213128,
        "corr_h_peso": 0.3647393530405093
      }
    },
    "filtrado": {
      "n": 13,
      "ids": [
        "v1",
        "v2",
        "v3",
        "v4",
        "v5",
        "v7",
        "v8",
        "v9",
        "v10",
        "v12",
        "v13",
        "v14",
        "v15"
      ],
      "A_mediana": {
        "k_media": 2.4508704792570124,
        "k_sd": 0.5970650266796854,
        "k_cv_pct": 24.361345559994145,
        "k_min": 1.4814814814814814,
        "k_max": 3.7037037037037037,
        "corr_vol_peso": -0.11960336887266022,
        "prop_a": 2.2590471746171907,
        "prop_MAE": 35.15260410001591,
        "lin_a": -0.15607434247071042,
        "lin_b": 194.44431653136417,
        "lin_MAE": 15.638236171529744
      },
      "B_p75": {
        "k_media": 2.1079393030898905,
        "k_sd": 0.600341939287853,
        "k_cv_pct": 28.48003917417598,
        "k_min": 1.1704462326261889,
        "k_max": 3.3762057877813505,
        "corr_vol_peso": -0.17102386646029935,
        "prop_a": 1.860364166833347,
        "prop_MAE": 42.46654265937813,
        "lin_a": -0.15074941637136446,
        "lin_b": 196.22089820679514,
        "lin_MAE": 15.513580142245834
      },
      "E_envelope": {
        "k_media": 1.2800316385405615,
        "k_sd": 0.4198140166360757,
        "k_cv_pct": 32.797159382304805,
        "k_min": 0.6345565749235473,
        "k_max": 1.8918918918918919,
        "corr_vol_peso": -0.42448048059288346,
        "prop_a": 1.0472462539237193,
        "prop_MAE": 56.792922555122246,
        "lin_a": -0.17417490607562544,
        "lin_b": 209.627303365476,
        "lin_MAE": 14.232223883873509
      },
      "solo_altura": {
        "a": 2.407219115404168,
        "b": -48.746881232646246,
        "MAE": 15.728848485213128,
        "corr_h_peso": 0.3647393530405093
      }
    }
  },
  "sin_v14_v15": {
    "original": {
      "n": 11,
      "ids": [
        "v1",
        "v2",
        "v3",
        "v4",
        "v5",
        "v7",
        "v8",
        "v9",
        "v10",
        "v12",
        "v13"
      ],
      "A_mediana": {
        "k_media": 2.6771266690937554,
        "k_sd": 0.5746118157729755,
        "k_cv_pct": 21.46375150666627,
        "k_min": 1.9674039580908032,
        "k_max": 3.9473684210526314,
        "corr_vol_peso": 0.11920270015739799,
        "prop_a": 2.527830980152481,
        "prop_MAE": 28.708150138572908,
        "lin_a": 0.18781805362365553,
        "lin_b": 172.4312306558427,
        "lin_MAE": 16.020162752828355
      },
      "B_p75": {
        "k_media": 2.23607037211816,
        "k_sd": 0.47888676045848555,
        "k_cv_pct": 21.416444063200522,
        "k_min": 1.5832614322691976,
        "k_max": 3.230769230769231,
        "corr_vol_peso": 0.14964263862683028,
        "prop_a": 2.0972991937251613,
        "prop_MAE": 30.06400114105305,
        "lin_a": 0.18214282990277822,
        "lin_b": 170.2258464945287,
        "lin_MAE": 16.03237305066693
      },
      "E_envelope": {
        "k_media": 1.3171222858484848,
        "k_sd": 0.32381933571720095,
        "k_cv_pct": 24.585366081525063,
        "k_min": 0.9165834165834167,
        "k_max": 1.8453427065026362,
        "corr_vol_peso": -0.1347516053586914,
        "prop_a": 1.206076289916285,
        "prop_MAE": 39.436141271117364,
        "lin_a": -0.08758345758671786,
        "lin_b": 198.77980771792488,
        "lin_MAE": 15.722128285380068
      },
      "solo_altura": {
        "a": 3.1658687577383375,
        "b": -117.1675650020632,
        "MAE": 14.05394964919523,
        "corr_h_peso": 0.5103586365672651
      }
    },
    "filtrado": {
      "n": 11,
      "ids": [
        "v1",
        "v2",
        "v3",
        "v4",
        "v5",
        "v7",
        "v8",
        "v9",
        "v10",
        "v12",
        "v13"
      ],
      "A_mediana": {
        "k_media": 2.5988343783078798,
        "k_sd": 0.5161446238232817,
        "k_cv_pct": 19.860620135375743,
        "k_min": 2.0336943441636586,
        "k_max": 3.7037037037037037,
        "corr_vol_peso": 0.23166424493195223,
        "prop_a": 2.473667062063769,
        "prop_MAE": 25.775076746068507,
        "lin_a": 0.36869093528838404,
        "lin_b": 158.811776920795,
        "lin_MAE": 15.907950548413316
      },
      "B_p75": {
        "k_media": 2.2619066524179785,
        "k_sd": 0.5112247281848562,
        "k_cv_pct": 22.60149540823698,
        "k_min": 1.613896218117854,
        "k_max": 3.3762057877813505,
        "corr_vol_peso": 0.21011465796912154,
        "prop_a": 2.1081729251141206,
        "prop_MAE": 30.323425800580978,
        "lin_a": 0.24339328396358018,
        "lin_b": 165.13095390237496,
        "lin_MAE": 15.991390489958773
      },
      "E_envelope": {
        "k_media": 1.3940392863199649,
        "k_sd": 0.3442248499815781,
        "k_cv_pct": 24.692621890899165,
        "k_min": 0.9387296233839235,
        "k_max": 1.8918918918918919,
        "corr_vol_peso": -0.1749943082081403,
        "prop_a": 1.2683640732924972,
        "prop_MAE": 41.0439006417867,
        "lin_a": -0.1158036700963836,
        "lin_b": 202.03719803355216,
        "lin_MAE": 15.676300085838268
      },
      "solo_altura": {
        "a": 3.1658687577383375,
        "b": -117.1675650020632,
        "MAE": 14.05394964919523,
        "corr_h_peso": 0.5103586365672651
      }
    }
  },
  "sin_v12_v14_v15": {
    "original": {
      "n": 10,
      "ids": [
        "v1",
        "v2",
        "v3",
        "v4",
        "v5",
        "v7",
        "v8",
        "v9",
        "v10",
        "v13"
      ],
      "A_mediana": {
        "k_media": 2.741627818838125,
        "k_sd": 0.562152961908366,
        "k_cv_pct": 20.504349935674377,
        "k_min": 1.9674039580908032,
        "k_max": 3.9473684210526314,
        "corr_vol_peso": 0.15637362402979837,
        "prop_a": 2.6089711857826683,
        "prop_MAE": 26.072452715351865,
        "lin_a": 0.2800883037016584,
        "lin_b": 166.59465053021643,
        "lin_MAE": 17.116927504237772
      },
      "B_p75": {
        "k_media": 2.3013512661030564,
        "k_sd": 0.450252994349082,
        "k_cv_pct": 19.56472273402696,
        "k_min": 1.7058222676200203,
        "k_max": 3.230769230769231,