{
  "status": "completed",
  "current_epoch": 4,
  "total_epochs": 4,
  "progress_percent": 100.0,
  "train_loss": 0.0017238592772313205,
  "train_acc": 1.0,
  "val_loss": 0.0004126292357807858,
  "val_acc": 1.0,
  "best_val_acc": 1.0,
  "elapsed_time": 282.8120551109314
}