{
  "img_size": 224,
  "val_frac": 0.2,
  "seed": 42,
  "epochs": 10,
  "batch_size": 16,
  "lr": 0.0001,
  "best_val_acc": 0.6333333333333333,
  "device_used": "cpu",
  "train_seconds": 1693.0671050548553
}