{
  "status": "completed",
  "current_epoch": 10,
  "total_epochs": 10,
  "progress_percent": 100.0,
  "train_loss": 0.46864451666673024,
  "train_acc": 0.6729166666666667,
  "val_loss": 0.48845431407292683,
  "val_acc": 0.55,
  "best_val_acc": 0.6333333333333333,
  "elapsed_time": 1693.0671050548553
}