{
  "status": "completed",
  "current_epoch": 10,
  "total_epochs": 10,
  "progress_percent": 100.0,
  "train_loss": 0.002653098647715524,
  "train_acc": 1.0,
  "val_loss": 0.0008162762795109301,
  "val_acc": 1.0,
  "best_val_acc": 1.0,
  "elapsed_time": 180.45854902267456
}