{
  "status": "completed",
  "current_epoch": 20,
  "total_epochs": 20,
  "progress_percent": 100.0,
  "train_loss": 0.06592165689859818,
  "train_acc": 0.9850746268656716,
  "val_loss": 0.006931479088962078,
  "val_acc": 1.0,
  "best_val_acc": 1.0,
  "elapsed_time": 325.10049319267273
}