{
  "todos_13": {
    "n": 13,
    "ids": [
      "v1",
      "v2",
      "v3",
      "v4",
      "v5",
      "v7",
      "v8",
      "v9",
      "v10",
      "v12",
      "v13",
      "v14",
      "v15"
    ],
    "A_mediana": {
      "k_media": 2.5348466410111756,
      "k_sd": 0.6297465115966183,
      "k_cv_pct": 24.843574416218182,
      "k_min": 1.6824395373291274,
      "k_max": 3.9473684210526314,
      "corr_vol_peso": -0.14674498242427927,
      "prop_a": 2.348552434490994,
      "prop_MAE": 35.16092957336175,
      "prop_max": 85.0570104850791,
      "lin_a": -0.2102873809749144,
      "lin_b": 198.08373791926883,
      "lin_MAE": 15.620745004777985,
      "lin_max": 50.80006889227849
    },
    "B_p75": {
      "k_media": 2.0933235512427544,
      "k_sd": 0.5605175408847238,
      "k_cv_pct": 26.776440772949716,
      "k_min": 1.2084592145015105,
      "k_max": 3.230769230769231,
      "corr_vol_peso": -0.19474212706569552,
      "prop_a": 1.879194971178825,
      "prop_MAE": 41.615640817240056,
      "prop_max": 88.80541418407643,
      "lin_a": -0.1869385033447818,
      "lin_b": 199.52580230353928,
      "lin_MAE": 15.549665284280637,
      "lin_max": 50.495311404686845
    },
    "E_envelope": {
      "k_media": 1.2147996565987118,
      "k_sd": 0.3870633346435549,
      "k_cv_pct": 31.862318411192526,
      "k_min": 0.6343141001146351,
      "k_max": 1.8453427065026362,
      "corr_vol_peso": -0.3978405396046777,
      "prop_a": 1.0199378425622374,
      "prop_MAE": 52.34615384615385,
      "prop_max": 100.91773339853751,
      "lin_a": -0.16990534900446236,
      "lin_b": 210.09039037435943,
      "lin_MAE": 14.340812107169121,
      "lin_max": 45.88813748842287
    },
    "solo_altura": {
      "a": 2.407219115404168,
      "b": -48.746881232646246,
      "MAE": 15.728848485213128,
      "max": 37.78424778068904,
      "corr_h_peso": 0.3647393530405093
    },
    "multivar_E_h": {
      "a_vol": -0.3663453270282323,
      "a_h": 5.520471494180365,
      "b": -287.79773573243045,
      "MAE": 9.461397118858521,
      "max": 21.212739667592757
    }
  },
  "sin_v14_v15": {
    "n": 11,
    "ids": [
      "v1",
      "v2",
      "v3",
      "v4",
      "v5",
      "v7",
      "v8",
      "v9",
      "v10",
      "v12",
      "v13"
    ],
    "A_mediana": {
      "k_media": 2.6771266690937554,
      "k_sd": 0.5746118157729755,
      "k_cv_pct": 21.46375150666627,
      "k_min": 1.9674039580908032,
      "k_max": 3.9473684210526314,
      "corr_vol_peso": 0.11920270015739799,
      "prop_a": 2.527830980152481,
      "prop_MAE": 28.708150138572908,
      "prop_max": 75.51939185588799,
      "lin_a": 0.18781805362365553,
      "lin_b": 172.4312306558427,
      "lin_MAE": 16.020162752828355,
      "lin_max": 40.70270812875302
    },
    "B_p75": {
      "k_media": 2.23607037211816,
      "k_sd": 0.47888676045848555,
      "k_cv_pct": 21.416444063200522,
      "k_min": 1.5832614322691976,
      "k_max": 3.230769230769231,
      "corr_vol_peso": 0.14964263862683028,
      "prop_a": 2.0972991937251613,
      "prop_MAE": 30.06400114105305,
      "prop_max": 73.67555240786453,
      "lin_a": 0.18214282990277822,
      "lin_b": 170.2258464945287,
      "lin_MAE": 16.03237305066693,
      "lin_max": 40.266656422883756
    },
    "E_envelope": {
      "k_media": 1.3171222858484848,
      "k_sd": 0.32381933571720095,
      "k_cv_pct": 24.585366081525063,
      "k_min": 0.9165834165834167,
      "k_max": 1.8453427065026362,
      "corr_vol_peso": -0.1347516053586914,
      "prop_a": 1.206076289916285,
      "prop_MAE": 39.436141271117364,
      "prop_max": 72.74851820752679,
      "lin_a": -0.08758345758671786,
      "lin_b": 198.77980771792488,
      "lin_MAE": 15.722128285380068,
      "lin_max": 44.61170294708427
    },
    "solo_altura": {
      "a": 3.1658687577383375,
      "b": -117.1675650020632,
      "MAE": 14.05394964919523,
      "max": 30.264102352455666,
      "corr_h_peso": 0.5103586365672651
    },
    "multivar_E_h": {
      "a_vol": -0.48878665717942427,
      "a_h": 6.0960469295063895,
      "b": -325.5561906182561,
      "MAE": 9.857027389203619,
      "max": 20.07737285740052
    }
  },
  "sin_v12_v14_v15": {
    "n": 10,
    "ids": [
      "v1",
      "v2",
      "v3",
      "v4",
      "v5",
      "v7",
      "v8",
      "v9",
      "v10",
      "v13"
    ],
    "A_mediana": {
      "k_media": 2.741627818838125,
      "k_sd": 0.562152961908366,
      "k_cv_pct": 20.504349935674377,
      "k_min": 1.9674039580908032,
      "k_max": 3.9473684210526314,
      "corr_vol_peso": 0.15637362402979837,
      "prop_a": 2.6089711857826683,
      "prop_MAE": 26.072452715351865,
      "prop_max": 71.20273291636204,
      "lin_a": 0.2800883037016584,
      "lin_b": 166.59465053021643,
      "lin_MAE": 17.116927504237772,
      "lin_max": 38.25341979737465
    },
    "B_p75": {
      "k_media": 2.3013512661030564,
      "k_sd": 0.450252994349082,
      "k_cv_pct": 19.56472273402696,
      "k_min": 1.7058222676200203,
      "k_max": 3.230769230769231,
      "corr_vol_peso": 0.2131228436212084,
      "prop_a": 2.195229842974188,
      "prop_MAE": 25.38953073794062,
      "prop_max": 67.31006020667778,
      "lin_a": 0.3208188202284792,
      "lin_b": 159.52016074407047,
      "lin_MAE": 16.847850168534954,
      "lin_max": 36.120143609459404
    },
    "E_envelope": {
      "k_media": 1.3571761727749916,
      "k_sd": 0.31129034276199796,
      "k_cv_pct": 22.936620094464867,
      "k_min": 0.9303621169916435,
      "k_max": 1.8453427065026362,
      "corr_vol_peso": -0.1365010928813464,
      "prop_a": 1.2615441194678747,
      "prop_MAE": 37.12981175363532,
      "prop_max": 66.43627920455586,
      "lin_a": -0.10633279130926014,
      "lin_b": 201.2205229241768,
      "lin_MAE": 16.98181454746726,
      "lin_max": 45.03776086700907
    },
    "solo_altura": {
      "a": 3.99926641398703,
      "b": -194.99009658882417,
      "MAE": 13.839625871133387,
      "max": 29.538085340506058,
      "corr_h_peso": 0.5831215400782608
    },
    "multivar_E_h": {
      "a_vol": -0.46949874083025644,
      "a_h": 6.148746027498173,
      "b": -333.0512880142383,
      "MAE": 10.67664546033626,
      "max": 19.348168134617424
    }
  }
}